statistics_code;statistics_label;time_code;time_label;time;1_variable_code;1_variable_label;1_variable_attribute_code;1_variable_attribute_label;2_variable_code;2_variable_label;2_variable_attribute_code;2_variable_attribute_label;3_variable_code;3_variable_label;3_variable_attribute_code;3_variable_attribute_label;value;value_unit;value_variable_code;value_variable_label
12621;Life tables;JAHRZR;Period of years;2017-P2Y;DINSG;Germany;DG;Germany;GES;Sex;GESW;Female;ALT577;Completed age;ALTVOLL091;91 years;3.93;years;LEB007;Average life expectancy [e(x)]
12621;Life tables;JAHRZR;Period of years;2017-P2Y;DINSG;Germany;DG;Germany;GES;Sex;GESM;Male;ALT577;Completed age;ALTVOLL036;36 years;43.52;years;LEB007;Average life expectancy [e(x)]
12621;Life tables;JAHRZR;Period of years;2017-P2Y;DINSG;Germany;DG;Germany;GES;Sex;GESM;Male;ALT577;Completed age;ALTVOLL049;49 years;31.25;years;LEB007;Average life expectancy [e(x)]
12621;Life tables;JAHRZR;Period of years;2017-P2Y;DINSG;Germany;DG;Germany;GES;Sex;GESW;Female;ALT577;Completed age;ALTVOLL069;69 years;17.82;years;LEB007;Average life expectancy [e(x)]
12621;Life tables;JAHRZR;Period of years;2017-P2Y;DINSG;Germany;DG;Germany;GES;Sex;GESM;Male;ALT577;Completed age;ALTVOLL023;23 years;56.17;years;LEB007;Average life expectancy [e(x)]
12621;Life tables;JAHRZR;Period of years;2017-P2Y;DINSG;Germany;DG;Germany;GES;Sex;GESM;Male;ALT577;Completed age;ALTVOLL010;10 years;68.98;years;LEB007;Average life expectancy [e(x)]
12621;Life tables;JAHRZR;Period of years;2017-P2Y;DINSG;Germany;DG;Germany;GES;Sex;GESW;Female;ALT577;Completed age;ALTVOLL056;56 years;28.95;years;LEB007;Average life expectancy [e(x)]
12621;Life tables;JAHRZR;Period of years;2017-P2Y;DINSG;Germany;DG;Germany;GES;Sex;GESW;Female;ALT577;Completed age;ALTVOLL042;42 years;42.13;years;LEB007;Average life expectancy [e(x)]
12621;Life tables;JAHRZR;Period of years;2017-P2Y;DINSG;Germany;DG;Germany;GES;Sex;GESM;Male;ALT577;Completed age;ALTVOLL098;98 years;2.07;years;LEB007;Average life expectancy [e(x)]
12621;Life tables;JAHRZR;Period of years;2017-P2Y;DINSG;Germany;DG;Germany;GES;Sex;GESM;Male;ALT577;Completed age;ALTVOLL072;72 years;13.05;years;LEB007;Average life expectancy [e(x)]
12621;Life tables;JAHRZR;Period of years;2017-P2Y;DINSG;Germany;DG;Germany;GES;Sex;GESM;Male;ALT577;Completed age;ALTVOLL085;85 years;5.55;years;LEB007;Average life expectancy [e(x)]
12621;Life tables;JAHRZR;Period of years;2017-P2Y;DINSG;Germany;DG;Germany;GES;Sex;GESW;Female;ALT577;Completed age;ALTVOLL007;7 years;76.66;years;LEB007;Average life expectancy [e(x)]
12621;Life tables;JAHRZR;Period of years;2017-P2Y;DINSG;Germany;DG;Germany;GES;Sex;GESW;Female;ALT577;Completed age;ALTVOLL100;100 years;2.04;years;LEB007;Average life expectancy [e(x)]
12621;Life tables;JAHRZR;Period of years;2017-P2Y;DINSG;Germany;DG;Germany;GES;Sex;GESM;Male;ALT577;Completed age;ALTVOLL048;48 years;32.17;years;LEB007;Average life expectancy [e(x)]
12621;Life tables;JAHRZR;Period of years;2017-P2Y;DINSG;Germany;DG;Germany;GES;Sex;GESW;Female;ALT577;Completed age;ALTVOLL090;90 years;4.28;years;LEB007;Average life expectancy [e(x)]
12621;Life tables;JAHRZR;Period of years;2017-P2Y;DINSG;Germany;DG;Germany;GES;Sex;GESM;Male;ALT577;Completed age;ALTVOLL035;35 years;44.49;years;LEB007;Average life expectancy [e(x)]
12621;Life tables;JAHRZR;Period of years;2017-P2Y;DINSG;Germany;DG;Germany;GES;Sex;GESW;Female;ALT577;Completed age;ALTVOLL055;55 years;29.86;years;LEB007;Average life expectancy [e(x)]
12621;Life tables;JAHRZR;Period of years;2017-P2Y;DINSG;Germany;DG;Germany;GES;Sex;GESW;Female;ALT577;Completed age;ALTVOLL068;68 years;18.63;years;LEB007;Average life expectancy [e(x)]
12621;Life tables;JAHRZR;Period of years;2017-P2Y;DINSG;Germany;DG;Germany;GES;Sex;GESM;Male;ALT577;Completed age;ALTVOLL022;22 years;57.15;years;LEB007;Average life expectancy [e(x)]
12621;Life tables;JAHRZR;Period of years;2017-P2Y;DINSG;Germany;DG;Germany;GES;Sex;GESW;Female;ALT577;Completed age;ALTVOLL054;54 years;30.78;years;LEB007;Average life expectancy [e(x)]
12621;Life tables;JAHRZR;Period of years;2017-P2Y;DINSG;Germany;DG;Germany;GES;Sex;GESM;Male;ALT577;Completed age;ALTVOLL097;97 years;2.19;years;LEB007;Average life expectancy [e(x)]
12621;Life tables;JAHRZR;Period of years;2017-P2Y;DINSG;Germany;DG;Germany;GES;Sex;GESW;Female;ALT577;Completed age;ALTVOLL041;41 years;43.1;years;LEB007;Average life expectancy [e(x)]
12621;Life tables;JAHRZR;Period of years;2017-P2Y;DINSG;Germany;DG;Germany;GES;Sex;GESM;Male;ALT577;Completed age;ALTVOLL084;84 years;6.0;years;LEB007;Average life expectancy [e(x)]
12621;Life tables;JAHRZR;Period of years;2017-P2Y;DINSG;Germany;DG;Germany;GES;Sex;GESW;Female;ALT577;Completed age;ALTVOLL006;6 years;77.65;years;LEB007;Average life expectancy [e(x)]
12621;Life tables;JAHRZR;Period of years;2017-P2Y;DINSG;Germany;DG;Germany;GES;Sex;GESW;Female;ALT577;Completed age;ALTVOLL019;19 years;64.74;years;LEB007;Average life expectancy [e(x)]
12621;Life tables;JAHRZR;Period of years;2017-P2Y;DINSG;Germany;DG;Germany;GES;Sex;GESM;Male;ALT577;Completed age;ALTVOLL071;71 years;13.72;years;LEB007;Average life expectancy [e(x)]
12621;Life tables;JAHRZR;Period of years;2017-P2Y;DINSG;Germany;DG;Germany;GES;Sex;GESM;Male;ALT577;Completed age;ALTVOLL038;38 years;41.6;years;LEB007;Average life expectancy [e(x)]
12621;Life tables;JAHRZR;Period of years;2017-P2Y;DINSG;Germany;DG;Germany;GES;Sex;GESW;Female;ALT577;Completed age;ALTVOLL005;5 years;78.65;years;LEB007;Average life expectancy [e(x)]
12621;Life tables;JAHRZR;Period of years;2017-P2Y;DINSG;Germany;DG;Germany;GES;Sex;GESM;Male;ALT577;Completed age;ALTVOLL025;25 years;54.22;years;LEB007;Average life expectancy [e(x)]
12621;Life tables;JAHRZR;Period of years;2017-P2Y;DINSG;Germany;DG;Germany;GES;Sex;GESM;Male;ALT577;Completed age;ALTVOLL012;12 years;66.99;years;LEB007;Average life expectancy [e(x)]
12621;Life tables;JAHRZR;Period of years;2017-P2Y;DINSG;Germany;DG;Germany;GES;Sex;GESW;Female;ALT577;Completed age;ALTVOLL067;67 years;19.45;years;LEB007;Average life expectancy [e(x)]
12621;Life tables;JAHRZR;Period of years;2017-P2Y;DINSG;Germany;DG;Germany;GES;Sex;GESW;Female;ALT577;Completed age;ALTVOLL053;53 years;31.7;years;LEB007;Average life expectancy [e(x)]
12621;Life tables;JAHRZR;Period of years;2017-P2Y;DINSG;Germany;DG;Germany;GES;Sex;GESW;Female;ALT577;Completed age;ALTVOLL066;66 years;20.28;years;LEB007;Average life expectancy [e(x)]
12621;Life tables;JAHRZR;Period of years;2017-P2Y;DINSG;Germany;DG;Germany;GES;Sex;GESW;Female;ALT577;Completed age;ALTVOLL040;40 years;44.07;years;LEB007;Average life expectancy [e(x)]
12621;Life tables;JAHRZR;Period of years;2017-P2Y;DINSG;Germany;DG;Germany;GES;Sex;GESM;Male;ALT577;Completed age;ALTVOLL074;74 years;11.73;years;LEB007;Average life expectancy [e(x)]
12621;Life tables;JAHRZR;Period of years;2017-P2Y;DINSG;Germany;DG;Germany;GES;Sex;GESM;Male;ALT577;Completed age;ALTVOLL087;87 years;4.73;years;LEB007;Average life expectancy [e(x)]
12621;Life tables;JAHRZR;Period of years;2017-P2Y;DINSG;Germany;DG;Germany;GES;Sex;GESM;Male;ALT577;Completed age;ALTVOLL061;61 years;20.98;years;LEB007;Average life expectancy [e(x)]
12621;Life tables;JAHRZR;Period of years;2017-P2Y;DINSG;Germany;DG;Germany;GES;Sex;GESW;Female;ALT577;Completed age;ALTVOLL018;18 years;65.73;years;LEB007;Average life expectancy [e(x)]
12621;Life tables;JAHRZR;Period of years;2017-P2Y;DINSG;Germany;DG;Germany;GES;Sex;GESW;Female;ALT577;Completed age;ALTVOLL004;4 years;79.64;years;LEB007;Average life expectancy [e(x)]
12621;Life tables;JAHRZR;Period of years;2017-P2Y;DINSG;Germany;DG;Germany;GES;Sex;GESM;Male;ALT577;Completed age;ALTVOLL037;37 years;42.56;years;LEB007;Average life expectancy [e(x)]
12621;Life tables;JAHRZR;Period of years;2017-P2Y;DINSG;Germany;DG;Germany;GES;Sex;GESM;Male;ALT577;Completed age;ALTVOLL011;11 years;67.99;years;LEB007;Average life expectancy [e(x)]
12621;Life tables;JAHRZR;Period of years;2017-P2Y;DINSG;Germany;DG;Germany;GES;Sex;GESM;Male;ALT577;Completed age;ALTVOLL024;24 years;55.19;years;LEB007;Average life expectancy [e(x)]
12621;Life tables;JAHRZR;Period of years;2017-P2Y;DINSG;Germany;DG;Germany;GES;Sex;GESW;Female;ALT577;Completed age;ALTVOLL079;79 years;10.25;years;LEB007;Average life expectancy [e(x)]
12621;Life tables;JAHRZR;Period of years;2017-P2Y;DINSG;Germany;DG;Germany;GES;Sex;GESW;Female;ALT577;Completed age;ALTVOLL065;65 years;21.11;years;LEB007;Average life expectancy [e(x)]
12621;Life tables;JAHRZR;Period of years;2017-P2Y;DINSG;Germany;DG;Germany;GES;Sex;GESM;Male;ALT577;Completed age;ALTVOLL099;99 years;1.94;years;LEB007;Average life expectancy [e(x)]
12621;Life tables;JAHRZR;Period of years;2017-P2Y;DINSG;Germany;DG;Germany;GES;Sex;GESM;Male;ALT577;Completed age;ALTVOLL086;86 years;5.13;years;LEB007;Average life expectancy [e(x)]
12621;Life tables;JAHRZR;Period of years;2017-P2Y;DINSG;Germany;DG;Germany;GES;Sex;GESW;Female;ALT577;Completed age;ALTVOLL052;52 years;32.62;years;LEB007;Average life expectancy [e(x)]
12621;Life tables;JAHRZR;Period of years;2017-P2Y;DINSG;Germany;DG;Germany;GES;Sex;GESM;Male;ALT577;Completed age;ALTVOLL073;73 years;12.39;years;LEB007;Average life expectancy [e(x)]
12621;Life tables;JAHRZR;Period of years;2017-P2Y;DINSG;Germany;DG;Germany;GES;Sex;GESW;Female;ALT577;Completed age;ALTVOLL017;17 years;66.72;years;LEB007;Average life expectancy [e(x)]
12621;Life tables;JAHRZR;Period of years;2017-P2Y;DINSG;Germany;DG;Germany;GES;Sex;GESM;Male;ALT577;Completed age;ALTVOLL060;60 years;21.77;years;LEB007;Average life expectancy [e(x)]
12621;Life tables;JAHRZR;Period of years;2017-P2Y;DINSG;Germany;DG;Germany;GES;Sex;GESM;Male;ALT577;Completed age;ALTVOLL080;80 years;8.08;years;LEB007;Average life expectancy [e(x)]
12621;Life tables;JAHRZR;Period of years;2017-P2Y;DINSG;Germany;DG;Germany;GES;Sex;GESW;Female;ALT577;Completed age;ALTVOLL016;16 years;67.71;years;LEB007;Average life expectancy [e(x)]
12621;Life tables;JAHRZR;Period of years;2017-P2Y;DINSG;Germany;DG;Germany;GES;Sex;GESW;Female;ALT577;Completed age;ALTVOLL003;3 years;80.63;years;LEB007;Average life expectancy [e(x)]
12621;Life tables;JAHRZR;Period of years;2017-P2Y;DINSG;Germany;DG;Germany;GES;Sex;GESM;Male;ALT577;Completed age;ALTVOLL058;58 years;23.39;years;LEB007;Average life expectancy [e(x)]
12621;Life tables;JAHRZR;Period of years;2017-P2Y;DINSG;Germany;DG;Germany;GES;Sex;GESM;Male;ALT577;Completed age;ALTVOLL032;32 years;47.39;years;LEB007;Average life expectancy [e(x)]
12621;Life tables;JAHRZR;Period of years;2017-P2Y;DINSG;Germany;DG;Germany;GES;Sex;GESW;Female;ALT577;Completed age;ALTVOLL078;78 years;10.96;years;LEB007;Average life expectancy [e(x)]
12621;Life tables;JAHRZR;Period of years;2017-P2Y;DINSG;Germany;DG;Germany;GES;Sex;GESM;Male;ALT577;Completed age;ALTVOLL045;45 years;34.96;years;LEB007;Average life expectancy [e(x)]
12621;Life tables;JAHRZR;Period of years;2017-P2Y;DINSG;Germany;DG;Germany;GES;Sex;GESW;Female;ALT577;Completed age;ALTVOLL077;77 years;11.69;years;LEB007;Average life expectancy [e(x)]
12621;Life tables;JAHRZR;Period of years;2017-P2Y;DINSG;Germany;DG;Germany;GES;Sex;GESW;Female;ALT577;Completed age;ALTVOLL051;51 years;33.55;years;LEB007;Average life expectancy [e(x)]
12621;Life tables;JAHRZR;Period of years;2017-P2Y;DINSG;Germany;DG;Germany;GES;Sex;GESW;Female;ALT577;Completed age;ALTVOLL064;64 years;21.95;years;LEB007;Average life expectancy [e(x)]
12621;Life tables;JAHRZR;Period of years;2017-P2Y;DINSG;Germany;DG;Germany;GES;Sex;GESW;Female;ALT577;Completed age;ALTVOLL029;29 years;54.85;years;LEB007;Average life expectancy [e(x)]
12621;Life tables;JAHRZR;Period of years;2017-P2Y;DINSG;Germany;DG;Germany;GES;Sex;GESM;Male;ALT577;Completed age;ALTVOLL094;94 years;2.72;years;LEB007;Average life expectancy [e(x)]
12621;Life tables;JAHRZR;Period of years;2017-P2Y;DINSG;Germany;DG;Germany;GES;Sex;GESW;Female;ALT577;Completed age;ALTVOLL015;15 years;68.7;years;LEB007;Average life expectancy [e(x)]
12621;Life tables;JAHRZR;Period of years;2017-P2Y;DINSG;Germany;DG;Germany;GES;Sex;GESW;Female;ALT577;Completed age;ALTVOLL028;28 years;55.84;years;LEB007;Average life expectancy [e(x)]
12621;Life tables;JAHRZR;Period of years;2017-P2Y;DINSG;Germany;DG;Germany;GES;Sex;GESM;Male;ALT577;Completed age;ALTVOLL092;92 years;3.17;years;LEB007;Average life expectancy [e(x)]
12621;Life tables;JAHRZR;Period of years;2017-P2Y;DINSG;Germany;DG;Germany;GES;Sex;GESW;Female;ALT577;Completed age;ALTVOLL002;2 years;81.62;years;LEB007;Average life expectancy [e(x)]
12621;Life tables;JAHRZR;Period of years;2017-P2Y;DINSG;Germany;DG;Germany;GES;Sex;GESM;Male;ALT577;Completed age;ALTVOLL057;57 years;24.22;years;LEB007;Average life expectancy [e(x)]
12621;Life tables;JAHRZR;Period of years;2017-P2Y;DINSG;Germany;DG;Germany;GES;Sex;GESM;Male;ALT577;Completed age;ALTVOLL044;44 years;35.9;years;LEB007;Average life expectancy [e(x)]
12621;Life tables;JAHRZR;Period of years;2017-P2Y;DINSG;Germany;DG;Germany;GES;Sex;GESW;Female;ALT577;Completed age;ALTVOLL076;76 years;12.42;years;LEB007;Average life expectancy [e(x)]
12621;Life tables;JAHRZR;Period of years;2017-P2Y;DINSG;Germany;DG;Germany;GES;Sex;GESM;Male;ALT577;Completed age;ALTVOLL031;31 years;48.36;years;LEB007;Average life expectancy [e(x)]
12621;Life tables;JAHRZR;Period of years;2017-P2Y;DINSG;Germany;DG;Germany;GES;Sex;GESW;Female;ALT577;Completed age;ALTVOLL089;89 years;4.67;years;LEB007;Average life expectancy [e(x)]
12621;Life tables;JAHRZR;Period of years;2017-P2Y;DINSG;Germany;DG;Germany;GES;Sex;GESW;Female;ALT577;Completed age;ALTVOLL063;63 years;22.8;years;LEB007;Average life expectancy [e(x)]
12621;Life tables;JAHRZR;Period of years;2017-P2Y;DINSG;Germany;DG;Germany;GES;Sex;GESW;Female;ALT577;Completed age;ALTVOLL050;50 years;34.49;years;LEB007;Average life expectancy [e(x)]
12621;Life tables;JAHRZR;Period of years;2017-P2Y;DINSG;Germany;DG;Germany;GES;Sex;GESM;Male;ALT577;Completed age;ALTVOLL009;9 years;69.97;years;LEB007;Average life expectancy [e(x)]
12621;Life tables;JAHRZR;Period of years;2017-P2Y;DINSG;Germany;DG;Germany;GES;Sex;GESM;Male;ALT577;Completed age;ALTVOLL093;93 years;2.93;years;LEB007;Average life expectancy [e(x)]
12621;Life tables;JAHRZR;Period of years;2017-P2Y;DINSG;Germany;DG;Germany;GES;Sex;GESW;Female;ALT577;Completed age;ALTVOLL027;27 years;56.83;years;LEB007;Average life expectancy [e(x)]
12621;Life tables;JAHRZR;Period of years;2017-P2Y;DINSG;Germany;DG;Germany;GES;Sex;GESW;Female;ALT577;Completed age;ALTVOLL014;14 years;69.7;years;LEB007;Average life expectancy [e(x)]
12621;Life tables;JAHRZR;Period of years;2017-P2Y;DINSG;Germany;DG;Germany;GES;Sex;GESM;Male;ALT577;Completed age;ALTVOLL034;34 years;45.46;years;LEB007;Average life expectancy [e(x)]
12621;Life tables;JAHRZR;Period of years;2017-P2Y;DINSG;Germany;DG;Germany;GES;Sex;GESW;Female;ALT577;Completed age;ALTVOLL001;1 year;82.6;years;LEB007;Average life expectancy [e(x)]
12621;Life tables;JAHRZR;Period of years;2017-P2Y;DINSG;Germany;DG;Germany;GES;Sex;GESM;Male;ALT577;Completed age;ALTVOLL047;47 years;33.09;years;LEB007;Average life expectancy [e(x)]
12621;Life tables;JAHRZR;Period of years;2017-P2Y;DINSG;Germany;DG;Germany;GES;Sex;GESM;Male;ALT577;Completed age;ALTVOLL021;21 years;58.12;years;LEB007;Average life expectancy [e(x)]
12621;Life tables;JAHRZR;Period of years;2017-P2Y;DINSG;Germany;DG;Germany;GES;Sex;GESW;Female;ALT577;Completed age;ALTVOLL088;88 years;5.08;years;LEB007;Average life expectancy [e(x)]
12621;Life tables;JAHRZR;Period of years;2017-P2Y;DINSG;Germany;DG;Germany;GES;Sex;GESW;Female;ALT577;Completed age;ALTVOLL075;75 years;13.17;years;LEB007;Average life expectancy [e(x)]
12621;Life tables;JAHRZR;Period of years;2017-P2Y;DINSG;Germany;DG;Germany;GES;Sex;GESW;Female;ALT577;Completed age;ALTVOLL062;62 years;23.66;years;LEB007;Average life expectancy [e(x)]
12621;Life tables;JAHRZR;Period of years;2017-P2Y;DINSG;Germany;DG;Germany;GES;Sex;GESM;Male;ALT577;Completed age;ALTVOLL096;96 years;2.34;years;LEB007;Average life expectancy [e(x)]
12621;Life tables;JAHRZR;Period of years;2017-P2Y;DINSG;Germany;DG;Germany;GES;Sex;GESM;Male;ALT577;Completed age;ALTVOLL070;70 years;14.4;years;LEB007;Average life expectancy [e(x)]
12621;Life tables;JAHRZR;Period of years;2017-P2Y;DINSG;Germany;DG;Germany;GES;Sex;GESM;Male;ALT577;Completed age;ALTVOLL083;83 years;6.49;years;LEB007;Average life expectancy [e(x)]
12621;Life tables;JAHRZR;Period of years;2017-P2Y;DINSG;Germany;DG;Germany;GES;Sex;GESW;Female;ALT577;Completed age;ALTVOLL039;39 years;45.05;years;LEB007;Average life expectancy [e(x)]
12621;Life tables;JAHRZR;Period of years;2017-P2Y;DINSG;Germany;DG;Germany;GES;Sex;GESM;Male;ALT577;Completed age;ALTVOLL081;81 years;7.52;years;LEB007;Average life expectancy [e(x)]
12621;Life tables;JAHRZR;Period of years;2017-P2Y;DINSG;Germany;DG;Germany;GES;Sex;GESM;Male;ALT577;Completed age;ALTVOLL059;59 years;22.57;years;LEB007;Average life expectancy [e(x)]
12621;Life tables;JAHRZR;Period of years;2017-P2Y;DINSG;Germany;DG;Germany;GES;Sex;GESW;Female;ALT577;Completed age;ALTVOLL013;13 years;70.69;years;LEB007;Average life expectancy [e(x)]
12621;Life tables;JAHRZR;Period of years;2017-P2Y;DINSG;Germany;DG;Germany;GES;Sex;GESW;Female;ALT577;Completed age;ALTVOLL026;26 years;57.82;years;LEB007;Average life expectancy [e(x)]
12621;Life tables;JAHRZR;Period of years;2017-P2Y;DINSG;Germany;DG;Germany;GES;Sex;GESW;Female;ALT577;Completed age;ALTVOLL000;0 years;83.36;years;LEB007;Average life expectancy [e(x)]
12621;Life tables;JAHRZR;Period of years;2017-P2Y;DINSG;Germany;DG;Germany;GES;Sex;GESM;Male;ALT577;Completed age;ALTVOLL046;46 years;34.02;years;LEB007;Average life expectancy [e(x)]
12621;Life tables;JAHRZR;Period of years;2017-P2Y;DINSG;Germany;DG;Germany;GES;Sex;GESM;Male;ALT577;Completed age;ALTVOLL033;33 years;46.42;years;LEB007;Average life expectancy [e(x)]
12621;Life tables;JAHRZR;Period of years;2017-P2Y;DINSG;Germany;DG;Germany;GES;Sex;GESM;Male;ALT577;Completed age;ALTVOLL020;20 years;59.1;years;LEB007;Average life expectancy [e(x)]
12621;Life tables;JAHRZR;Period of years;2017-P2Y;DINSG;Germany;DG;Germany;GES;Sex;GESW;Female;ALT577;Completed age;ALTVOLL074;74 years;13.92;years;LEB007;Average life expectancy [e(x)]
12621;Life tables;JAHRZR;Period of years;2017-P2Y;DINSG;Germany;DG;Germany;GES;Sex;GESW;Female;ALT577;Completed age;ALTVOLL087;87 years;5.53;years;LEB007;Average life expectancy [e(x)]
12621;Life tables;JAHRZR;Period of years;2017-P2Y;DINSG;Germany;DG;Germany;GES;Sex;GESW;Female;ALT577;Completed age;ALTVOLL061;61 years;24.52;years;LEB007;Average life expectancy [e(x)]
12621;Life tables;JAHRZR;Period of years;2017-P2Y;DINSG;Germany;DG;Germany;GES;Sex;GESM;Male;ALT577;Completed age;ALTVOLL095;95 years;2.52;years;LEB007;Average life expectancy [e(x)]
12621;Life tables;JAHRZR;Period of years;2017-P2Y;DINSG;Germany;DG;Germany;GES;Sex;GESM;Male;ALT577;Completed age;ALTVOLL082;82 years;6.99;years;LEB007;Average life expectancy [e(x)]
12621;Life tables;JAHRZR;Period of years;2017-P2Y;DINSG;Germany;DG;Germany;GES;Sex;GESW;Female;ALT577;Completed age;ALTVOLL038;38 years;46.02;years;LEB007;Average life expectancy [e(x)]
12621;Life tables;JAHRZR;Period of years;2017-P2Y;DINSG;Germany;DG;Germany;GES;Sex;GESM;Male;ALT577;Completed age;ALTVOLL005;5 years;73.95;years;LEB007;Average life expectancy [e(x)]
12621;Life tables;JAHRZR;Period of years;2017-P2Y;DINSG;Germany;DG;Germany;GES;Sex;GESW;Female;ALT577;Completed age;ALTVOLL025;25 years;58.8;years;LEB007;Average life expectancy [e(x)]
12621;Life tables;JAHRZR;Period of years;2017-P2Y;DINSG;Germany;DG;Germany;GES;Sex;GESW;Female;ALT577;Completed age;ALTVOLL012;12 years;71.68;years;LEB007;Average life expectancy [e(x)]
12621;Life tables;JAHRZR;Period of years;2017-P2Y;DINSG;Germany;DG;Germany;GES;Sex;GESM;Male;ALT577;Completed age;ALTVOLL067;67 years;16.49;years;LEB007;Average life expectancy [e(x)]
12621;Life tables;JAHRZR;Period of years;2017-P2Y;DINSG;Germany;DG;Germany;GES;Sex;GESW;Female;ALT577;Completed age;ALTVOLL099;99 years;2.18;years;LEB007;Average life expectancy [e(x)]
12621;Life tables;JAHRZR;Period of years;2017-P2Y;DINSG;Germany;DG;Germany;GES;Sex;GESM;Male;ALT577;Completed age;ALTVOLL054;54 years;26.78;years;LEB007;Average life expectancy [e(x)]
12621;Life tables;JAHRZR;Period of years;2017-P2Y;DINSG;Germany;DG;Germany;GES;Sex;GESW;Female;ALT577;Completed age;ALTVOLL086;86 years;6.01;years;LEB007;Average life expectancy [e(x)]
12621;Life tables;JAHRZR;Period of years;2017-P2Y;DINSG;Germany;DG;Germany;GES;Sex;GESM;Male;ALT577;Completed age;ALTVOLL041;41 years;38.73;years;LEB007;Average life expectancy [e(x)]
12621;Life tables;JAHRZR;Period of years;2017-P2Y;DINSG;Germany;DG;Germany;GES;Sex;GESM;Male;ALT577;Completed age;ALTVOLL019;19 years;60.07;years;LEB007;Average life expectancy [e(x)]
12621;Life tables;JAHRZR;Period of years;2017-P2Y;DINSG;Germany;DG;Germany;GES;Sex;GESW;Female;ALT577;Completed age;ALTVOLL073;73 years;14.68;years;LEB007;Average life expectancy [e(x)]
12621;Life tables;JAHRZR;Period of years;2017-P2Y;DINSG;Germany;DG;Germany;GES;Sex;GESM;Male;ALT577;Completed age;ALTVOLL006;6 years;72.96;years;LEB007;Average life expectancy [e(x)]
12621;Life tables;JAHRZR;Period of years;2017-P2Y;DINSG;Germany;DG;Germany;GES;Sex;GESW;Female;ALT577;Completed age;ALTVOLL060;60 years;25.39;years;LEB007;Average life expectancy [e(x)]
12621;Life tables;JAHRZR;Period of years;2017-P2Y;DINSG;Germany;DG;Germany;GES;Sex;GESM;Male;ALT577;Completed age;ALTVOLL004;4 years;74.94;years;LEB007;Average life expectancy [e(x)]
12621;Life tables;JAHRZR;Period of years;2017-P2Y;DINSG;Germany;DG;Germany;GES;Sex;GESW;Female;ALT577;Completed age;ALTVOLL037;37 years;47.0;years;LEB007;Average life expectancy [e(x)]
12621;Life tables;JAHRZR;Period of years;2017-P2Y;DINSG;Germany;DG;Germany;GES;Sex;GESW;Female;ALT577;Completed age;ALTVOLL011;11 years;72.68;years;LEB007;Average life expectancy [e(x)]
12621;Life tables;JAHRZR;Period of years;2017-P2Y;DINSG;Germany;DG;Germany;GES;Sex;GESW;Female;ALT577;Completed age;ALTVOLL024;24 years;59.79;years;LEB007;Average life expectancy [e(x)]
12621;Life tables;JAHRZR;Period of years;2017-P2Y;DINSG;Germany;DG;Germany;GES;Sex;GESM;Male;ALT577;Completed age;ALTVOLL079;79 years;8.65;years;LEB007;Average life expectancy [e(x)]
12621;Life tables;JAHRZR;Period of years;2017-P2Y;DINSG;Germany;DG;Germany;GES;Sex;GESM;Male;ALT577;Completed age;ALTVOLL053;53 years;27.66;years;LEB007;Average life expectancy [e(x)]
12621;Life tables;JAHRZR;Period of years;2017-P2Y;DINSG;Germany;DG;Germany;GES;Sex;GESM;Male;ALT577;Completed age;ALTVOLL066;66 years;17.21;years;LEB007;Average life expectancy [e(x)]
12621;Life tables;JAHRZR;Period of years;2017-P2Y;DINSG;Germany;DG;Germany;GES;Sex;GESM;Male;ALT577;Completed age;ALTVOLL040;40 years;39.69;years;LEB007;Average life expectancy [e(x)]
12621;Life tables;JAHRZR;Period of years;2017-P2Y;DINSG;Germany;DG;Germany;GES;Sex;GESW;Female;ALT577;Completed age;ALTVOLL098;98 years;2.33;years;LEB007;Average life expectancy [e(x)]
12621;Life tables;JAHRZR;Period of years;2017-P2Y;DINSG;Germany;DG;Germany;GES;Sex;GESW;Female;ALT577;Completed age;ALTVOLL072;72 years;15.45;years;LEB007;Average life expectancy [e(x)]
12621;Life tables;JAHRZR;Period of years;2017-P2Y;DINSG;Germany;DG;Germany;GES;Sex;GESW;Female;ALT577;Completed age;ALTVOLL085;85 years;6.52;years;LEB007;Average life expectancy [e(x)]
12621;Life tables;JAHRZR;Period of years;2017-P2Y;DINSG;Germany;DG;Germany;GES;Sex;GESM;Male;ALT577;Completed age;ALTVOLL018;18 years;61.05;years;LEB007;Average life expectancy [e(x)]
12621;Life tables;JAHRZR;Period of years;2017-P2Y;DINSG;Germany;DG;Germany;GES;Sex;GESM;Male;ALT577;Completed age;ALTVOLL091;91 years;3.44;years;LEB007;Average life expectancy [e(x)]
12621;Life tables;JAHRZR;Period of years;2017-P2Y;DINSG;Germany;DG;Germany;GES;Sex;GESW;Female;ALT577;Completed age;ALTVOLL036;36 years;47.97;years;LEB007;Average life expectancy [e(x)]
12621;Life tables;JAHRZR;Period of years;2017-P2Y;DINSG;Germany;DG;Germany;GES;Sex;GESW;Female;ALT577;Completed age;ALTVOLL049;49 years;35.43;years;LEB007;Average life expectancy [e(x)]
12621;Life tables;JAHRZR;Period of years;2017-P2Y;DINSG;Germany;DG;Germany;GES;Sex;GESW;Female;ALT577;Completed age;ALTVOLL023;23 years;60.78;years;LEB007;Average life expectancy [e(x)]
12621;Life tables;JAHRZR;Period of years;2017-P2Y;DINSG;Germany;DG;Germany;GES;Sex;GESM;Male;ALT577;Completed age;ALTVOLL069;69 years;15.09;years;LEB007;Average life expectancy [e(x)]
12621;Life tables;JAHRZR;Period of years;2017-P2Y;DINSG;Germany;DG;Germany;GES;Sex;GESM;Male;ALT577;Completed age;ALTVOLL056;56 years;25.06;years;LEB007;Average life expectancy [e(x)]
12621;Life tables;JAHRZR;Period of years;2017-P2Y;DINSG;Germany;DG;Germany;GES;Sex;GESW;Female;ALT577;Completed age;ALTVOLL010;10 years;73.67;years;LEB007;Average life expectancy [e(x)]
12621;Life tables;JAHRZR;Period of years;2017-P2Y;DINSG;Germany;DG;Germany;GES;Sex;GESM;Male;ALT577;Completed age;ALTVOLL030;30 years;49.34;years;LEB007;Average life expectancy [e(x)]
12621;Life tables;JAHRZR;Period of years;2017-P2Y;DINSG;Germany;DG;Germany;GES;Sex;GESM;Male;ALT577;Completed age;ALTVOLL043;43 years;36.84;years;LEB007;Average life expectancy [e(x)]
12621;Life tables;JAHRZR;Period of years;2017-P2Y;DINSG;Germany;DG;Germany;GES;Sex;GESW;Female;ALT577;Completed age;ALTVOLL097;97 years;2.49;years;LEB007;Average life expectancy [e(x)]
12621;Life tables;JAHRZR;Period of years;2017-P2Y;DINSG;Germany;DG;Germany;GES;Sex;GESW;Female;ALT577;Completed age;ALTVOLL084;84 years;7.07;years;LEB007;Average life expectancy [e(x)]
12621;Life tables;JAHRZR;Period of years;2017-P2Y;DINSG;Germany;DG;Germany;GES;Sex;GESM;Male;ALT577;Completed age;ALTVOLL008;8 years;70.97;years;LEB007;Average life expectancy [e(x)]
12621;Life tables;JAHRZR;Period of years;2017-P2Y;DINSG;Germany;DG;Germany;GES;Sex;GESW;Female;ALT577;Completed age;ALTVOLL071;71 years;16.24;years;LEB007;Average life expectancy [e(x)]
12621;Life tables;JAHRZR;Period of years;2017-P2Y;DINSG;Germany;DG;Germany;GES;Sex;GESW;Female;ALT577;Completed age;ALTVOLL048;48 years;36.38;years;LEB007;Average life expectancy [e(x)]
12621;Life tables;JAHRZR;Period of years;2017-P2Y;DINSG;Germany;DG;Germany;GES;Sex;GESM;Male;ALT577;Completed age;ALTVOLL100;100 years;1.83;years;LEB007;Average life expectancy [e(x)]
12621;Life tables;JAHRZR;Period of years;2017-P2Y;DINSG;Germany;DG;Germany;GES;Sex;GESM;Male;ALT577;Completed age;ALTVOLL090;90 years;3.72;years;LEB007;Average life expectancy [e(x)]
12621;Life tables;JAHRZR;Period of years;2017-P2Y;DINSG;Germany;DG;Germany;GES;Sex;GESW;Female;ALT577;Completed age;ALTVOLL035;35 years;48.95;years;LEB007;Average life expectancy [e(x)]
12621;Life tables;JAHRZR;Period of years;2017-P2Y;DINSG;Germany;DG;Germany;GES;Sex;GESM;Male;ALT577;Completed age;ALTVOLL055;55 years;25.92;years;LEB007;Average life expectancy [e(x)]
12621;Life tables;JAHRZR;Period of years;2017-P2Y;DINSG;Germany;DG;Germany;GES;Sex;GESW;Female;ALT577;Completed age;ALTVOLL022;22 years;61.77;years;LEB007;Average life expectancy [e(x)]
12621;Life tables;JAHRZR;Period of years;2017-P2Y;DINSG;Germany;DG;Germany;GES;Sex;GESM;Male;ALT577;Completed age;ALTVOLL068;68 years;15.78;years;LEB007;Average life expectancy [e(x)]
12621;Life tables;JAHRZR;Period of years;2017-P2Y;DINSG;Germany;DG;Germany;GES;Sex;GESM;Male;ALT577;Completed age;ALTVOLL042;42 years;37.79;years;LEB007;Average life expectancy [e(x)]
12621;Life tables;JAHRZR;Period of years;2017-P2Y;DINSG;Germany;DG;Germany;GES;Sex;GESW;Female;ALT577;Completed age;ALTVOLL096;96 years;2.66;years;LEB007;Average life expectancy [e(x)]
12621;Life tables;JAHRZR;Period of years;2017-P2Y;DINSG;Germany;DG;Germany;GES;Sex;GESW;Female;ALT577;Completed age;ALTVOLL070;70 years;17.02;years;LEB007;Average life expectancy [e(x)]
12621;Life tables;JAHRZR;Period of years;2017-P2Y;DINSG;Germany;DG;Germany;GES;Sex;GESW;Female;ALT577;Completed age;ALTVOLL083;83 years;7.65;years;LEB007;Average life expectancy [e(x)]
12621;Life tables;JAHRZR;Period of years;2017-P2Y;DINSG;Germany;DG;Germany;GES;Sex;GESM;Male;ALT577;Completed age;ALTVOLL007;7 years;71.96;years;LEB007;Average life expectancy [e(x)]
12621;Life tables;JAHRZR;Period of years;2017-P2Y;DINSG;Germany;DG;Germany;GES;Sex;GESM;Male;ALT577;Completed age;ALTVOLL027;27 years;52.26;years;LEB007;Average life expectancy [e(x)]
12621;Life tables;JAHRZR;Period of years;2017-P2Y;DINSG;Germany;DG;Germany;GES;Sex;GESM;Male;ALT577;Completed age;ALTVOLL014;14 years;65.0;years;LEB007;Average life expectancy [e(x)]
12621;Life tables;JAHRZR;Period of years;2017-P2Y;DINSG;Germany;DG;Germany;GES;Sex;GESW;Female;ALT577;Completed age;ALTVOLL034;34 years;49.93;years;LEB007;Average life expectancy [e(x)]
12621;Life tables;JAHRZR;Period of years;2017-P2Y;DINSG;Germany;DG;Germany;GES;Sex;GESW;Female;ALT577;Completed age;ALTVOLL047;47 years;37.33;years;LEB007;Average life expectancy [e(x)]
12621;Life tables;JAHRZR;Period of years;2017-P2Y;DINSG;Germany;DG;Germany;GES;Sex;GESM;Male;ALT577;Completed age;ALTVOLL001;1 year;77.9;years;LEB007;Average life expectancy [e(x)]
12621;Life tables;JAHRZR;Period of years;2017-P2Y;DINSG;Germany;DG;Germany;GES;Sex;GESW;Female;ALT577;Completed age;ALTVOLL021;21 years;62.76;years;LEB007;Average life expectancy [e(x)]
12621;Life tables;JAHRZR;Period of years;2017-P2Y;DINSG;Germany;DG;Germany;GES;Sex;GESM;Male;ALT577;Completed age;ALTVOLL076;76 years;10.47;years;LEB007;Average life expectancy [e(x)]
12621;Life tables;JAHRZR;Period of years;2017-P2Y;DINSG;Germany;DG;Germany;GES;Sex;GESW;Female;ALT577;Completed age;ALTVOLL020;20 years;63.75;years;LEB007;Average life expectancy [e(x)]
12621;Life tables;JAHRZR;Period of years;2017-P2Y;DINSG;Germany;DG;Germany;GES;Sex;GESM;Male;ALT577;Completed age;ALTVOLL089;89 years;4.03;years;LEB007;Average life expectancy [e(x)]
12621;Life tables;JAHRZR;Period of years;2017-P2Y;DINSG;Germany;DG;Germany;GES;Sex;GESM;Male;ALT577;Completed age;ALTVOLL063;63 years;19.43;years;LEB007;Average life expectancy [e(x)]
12621;Life tables;JAHRZR;Period of years;2017-P2Y;DINSG;Germany;DG;Germany;GES;Sex;GESW;Female;ALT577;Completed age;ALTVOLL095;95 years;2.86;years;LEB007;Average life expectancy [e(x)]
12621;Life tables;JAHRZR;Period of years;2017-P2Y;DINSG;Germany;DG;Germany;GES;Sex;GESM;Male;ALT577;Completed age;ALTVOLL050;50 years;30.34;years;LEB007;Average life expectancy [e(x)]
12621;Life tables;JAHRZR;Period of years;2017-P2Y;DINSG;Germany;DG;Germany;GES;Sex;GESW;Female;ALT577;Completed age;ALTVOLL082;82 years;8.26;years;LEB007;Average life expectancy [e(x)]
12621;Life tables;JAHRZR;Period of years;2017-P2Y;DINSG;Germany;DG;Germany;GES;Sex;GESW;Female;ALT577;Completed age;ALTVOLL081;81 years;8.89;years;LEB007;Average life expectancy [e(x)]
12621;Life tables;JAHRZR;Period of years;2017-P2Y;DINSG;Germany;DG;Germany;GES;Sex;GESM;Male;ALT577;Completed age;ALTVOLL039;39 years;40.64;years;LEB007;Average life expectancy [e(x)]
12621;Life tables;JAHRZR;Period of years;2017-P2Y;DINSG;Germany;DG;Germany;GES;Sex;GESM;Male;ALT577;Completed age;ALTVOLL013;13 years;66.0;years;LEB007;Average life expectancy [e(x)]
12621;Life tables;JAHRZR;Period of years;2017-P2Y;DINSG;Germany;DG;Germany;GES;Sex;GESW;Female;ALT577;Completed age;ALTVOLL059;59 years;26.27;years;LEB007;Average life expectancy [e(x)]
12621;Life tables;JAHRZR;Period of years;2017-P2Y;DINSG;Germany;DG;Germany;GES;Sex;GESM;Male;ALT577;Completed age;ALTVOLL026;26 years;53.24;years;LEB007;Average life expectancy [e(x)]
12621;Life tables;JAHRZR;Period of years;2017-P2Y;DINSG;Germany;DG;Germany;GES;Sex;GESW;Female;ALT577;Completed age;ALTVOLL046;46 years;38.28;years;LEB007;Average life expectancy [e(x)]
12621;Life tables;JAHRZR;Period of years;2017-P2Y;DINSG;Germany;DG;Germany;GES;Sex;GESM;Male;ALT577;Completed age;ALTVOLL000;0 years;78.63;years;LEB007;Average life expectancy [e(x)]
12621;Life tables;JAHRZR;Period of years;2017-P2Y;DINSG;Germany;DG;Germany;GES;Sex;GESW;Female;ALT577;Completed age;ALTVOLL033;33 years;50.91;years;LEB007;Average life expectancy [e(x)]
12621;Life tables;JAHRZR;Period of years;2017-P2Y;DINSG;Germany;DG;Germany;GES;Sex;GESM;Male;ALT577;Completed age;ALTVOLL088;88 years;4.36;years;LEB007;Average life expectancy [e(x)]
12621;Life tables;JAHRZR;Period of years;2017-P2Y;DINSG;Germany;DG;Germany;GES;Sex;GESM;Male;ALT577;Completed age;ALTVOLL075;75 years;11.1;years;LEB007;Average life expectancy [e(x)]
12621;Life tables;JAHRZR;Period of years;2017-P2Y;DINSG;Germany;DG;Germany;GES;Sex;GESM;Male;ALT577;Completed age;ALTVOLL062;62 years;20.2;years;LEB007;Average life expectancy [e(x)]
12621;Life tables;JAHRZR;Period of years;2017-P2Y;DINSG;Germany;DG;Germany;GES;Sex;GESW;Female;ALT577;Completed age;ALTVOLL094;94 years;3.09;years;LEB007;Average life expectancy [e(x)]
12621;Life tables;JAHRZR;Period of years;2017-P2Y;DINSG;Germany;DG;Germany;GES;Sex;GESW;Female;ALT577;Completed age;ALTVOLL080;80 years;9.56;years;LEB007;Average life expectancy [e(x)]
12621;Life tables;JAHRZR;Period of years;2017-P2Y;DINSG;Germany;DG;Germany;GES;Sex;GESM;Male;ALT577;Completed age;ALTVOLL016;16 years;63.02;years;LEB007;Average life expectancy [e(x)]
12621;Life tables;JAHRZR;Period of years;2017-P2Y;DINSG;Germany;DG;Germany;GES;Sex;GESM;Male;ALT577;Completed age;ALTVOLL003;3 years;75.93;years;LEB007;Average life expectancy [e(x)]
12621;Life tables;JAHRZR;Period of years;2017-P2Y;DINSG;Germany;DG;Germany;GES;Sex;GESW;Female;ALT577;Completed age;ALTVOLL058;58 years;27.16;years;LEB007;Average life expectancy [e(x)]
12621;Life tables;JAHRZR;Period of years;2017-P2Y;DINSG;Germany;DG;Germany;GES;Sex;GESM;Male;ALT577;Completed age;ALTVOLL078;78 years;9.24;years;LEB007;Average life expectancy [e(x)]
12621;Life tables;JAHRZR;Period of years;2017-P2Y;DINSG;Germany;DG;Germany;GES;Sex;GESW;Female;ALT577;Completed age;ALTVOLL032;32 years;51.9;years;LEB007;Average life expectancy [e(x)]
12621;Life tables;JAHRZR;Period of years;2017-P2Y;DINSG;Germany;DG;Germany;GES;Sex;GESW;Female;ALT577;Completed age;ALTVOLL045;45 years;39.24;years;LEB007;Average life expectancy [e(x)]
12621;Life tables;JAHRZR;Period of years;2017-P2Y;DINSG;Germany;DG;Germany;GES;Sex;GESM;Male;ALT577;Completed age;ALTVOLL065;65 years;17.94;years;LEB007;Average life expectancy [e(x)]
12621;Life tables;JAHRZR;Period of years;2017-P2Y;DINSG;Germany;DG;Germany;GES;Sex;GESW;Female;ALT577;Completed age;ALTVOLL031;31 years;52.88;years;LEB007;Average life expectancy [e(x)]
12621;Life tables;JAHRZR;Period of years;2017-P2Y;DINSG;Germany;DG;Germany;GES;Sex;GESM;Male;ALT577;Completed age;ALTVOLL052;52 years;28.54;years;LEB007;Average life expectancy [e(x)]
12621;Life tables;JAHRZR;Period of years;2017-P2Y;DINSG;Germany;DG;Germany;GES;Sex;GESW;Female;ALT577;Completed age;ALTVOLL009;9 years;74.67;years;LEB007;Average life expectancy [e(x)]
12621;Life tables;JAHRZR;Period of years;2017-P2Y;DINSG;Germany;DG;Germany;GES;Sex;GESM;Male;ALT577;Completed age;ALTVOLL017;17 years;62.03;years;LEB007;Average life expectancy [e(x)]
12621;Life tables;JAHRZR;Period of years;2017-P2Y;DINSG;Germany;DG;Germany;GES;Sex;GESW;Female;ALT577;Completed age;ALTVOLL093;93 years;3.34;years;LEB007;Average life expectancy [e(x)]
12621;Life tables;JAHRZR;Period of years;2017-P2Y;DINSG;Germany;DG;Germany;GES;Sex;GESM;Male;ALT577;Completed age;ALTVOLL015;15 years;64.01;years;LEB007;Average life expectancy [e(x)]
12621;Life tables;JAHRZR;Period of years;2017-P2Y;DINSG;Germany;DG;Germany;GES;Sex;GESW;Female;ALT577;Completed age;ALTVOLL092;92 years;3.62;years;LEB007;Average life expectancy [e(x)]
12621;Life tables;JAHRZR;Period of years;2017-P2Y;DINSG;Germany;DG;Germany;GES;Sex;GESM;Male;ALT577;Completed age;ALTVOLL028;28 years;51.29;years;LEB007;Average life expectancy [e(x)]
12621;Life tables;JAHRZR;Period of years;2017-P2Y;DINSG;Germany;DG;Germany;GES;Sex;GESM;Male;ALT577;Completed age;ALTVOLL002;2 years;76.92;years;LEB007;Average life expectancy [e(x)]
12621;Life tables;JAHRZR;Period of years;2017-P2Y;DINSG;Germany;DG;Germany;GES;Sex;GESW;Female;ALT577;Completed age;ALTVOLL057;57 years;28.05;years;LEB007;Average life expectancy [e(x)]
12621;Life tables;JAHRZR;Period of years;2017-P2Y;DINSG;Germany;DG;Germany;GES;Sex;GESW;Female;ALT577;Completed age;ALTVOLL044;44 years;40.2;years;LEB007;Average life expectancy [e(x)]
12621;Life tables;JAHRZR;Period of years;2017-P2Y;DINSG;Germany;DG;Germany;GES;Sex;GESW;Female;ALT577;Completed age;ALTVOLL030;30 years;53.86;years;LEB007;Average life expectancy [e(x)]
12621;Life tables;JAHRZR;Period of years;2017-P2Y;DINSG;Germany;DG;Germany;GES;Sex;GESW;Female;ALT577;Completed age;ALTVOLL043;43 years;41.16;years;LEB007;Average life expectancy [e(x)]
12621;Life tables;JAHRZR;Period of years;2017-P2Y;DINSG;Germany;DG;Germany;GES;Sex;GESM;Male;ALT577;Completed age;ALTVOLL077;77 years;9.85;years;LEB007;Average life expectancy [e(x)]
12621;Life tables;JAHRZR;Period of years;2017-P2Y;DINSG;Germany;DG;Germany;GES;Sex;GESM;Male;ALT577;Completed age;ALTVOLL051;51 years;29.44;years;LEB007;Average life expectancy [e(x)]
12621;Life tables;JAHRZR;Period of years;2017-P2Y;DINSG;Germany;DG;Germany;GES;Sex;GESM;Male;ALT577;Completed age;ALTVOLL064;64 years;18.68;years;LEB007;Average life expectancy [e(x)]
12621;Life tables;JAHRZR;Period of years;2017-P2Y;DINSG;Germany;DG;Germany;GES;Sex;GESW;Female;ALT577;Completed age;ALTVOLL008;8 years;75.67;years;LEB007;Average life expectancy [e(x)]
12621;Life tables;JAHRZR;Period of years;2017-P2Y;DINSG;Germany;DG;Germany;GES;Sex;GESM;Male;ALT577;Completed age;ALTVOLL029;29 years;50.31;years;LEB007;Average life expectancy [e(x)]
